Workbook

Sheet S1 Runtime
A1: Dataset | B1: K-Means | C1: Fairlet | D1: BFKM | E1: CCF | F1: PP-NFP | G1: PP-Gini | H1: Rawlsian | I1: Fastest | J1: Slowest | K1: Ratio
A2: D1 | B2: 13.3 | C2: 64.3 | D2: 13.5 | E2: 582.9 | F2: 12 | G2: 143.3 | H2: 22.3 | I2: PP-NFP | J2: CCF | K2: 48.6×
A3: D2 | B3: 2 | C3: 4.8 | D3: 1.9 | E3: 23.1 | F3: 1.9 | G3: 23.9 | H3: 4 | I3: BFKM | J3: PP-Gini | K3: 12.6×
A4: D3 | B4: 0.1 | C4: 0.2 | D4: 0 | E4: 0.5 | F4: 0.1 | G4: 0.5 | H4: 0.2 | I4: BFKM | J4: CCF | K4: inf×
A5: D4 | B5: 16.9 | C5: 70.6 | D5: 15.6 | E5: 243.2 | F5: 15.6 | G5: 138.9 | H5: 31.4 | I5: BFKM | J5: CCF | K5: 15.6×
A6: D5 | B6: 4.6 | C6: 25.1 | D6: 4.5 | E6: 109.3 | F6: 4.6 | G6: 90.3 | H6: 9.3 | I6: BFKM | J6: CCF | K6: 24.3×
A7: D1_race | B7: 12 | C7: 36 | D7: 12.1 | E7: 516.3 | F7: 13.4 | G7: 180.6 | H7: 25.5 | I7: K-Means | J7: CCF | K7: 43.0×
A8: D1_comb | B8: 12.9 | C8: 19.3 | D8: 13 | E8: 660.5 | F8: 12.4 | G8: 54.1 | H8: 22.2 | I8: PP-NFP | J8: CCF | K8: 53.3×
A9: D2_race | B9: 1.4 | C9: 4.8 | D9: 1.4 | E9: 12.6 | F9: 1.4 | G9: 13.2 | H9: 3 | I9: K-Means | J9: PP-Gini | K9: 9.4×
A10: D2_comb | B10: 1.4 | C10: 2.1 | D10: 1.3 | E10: 12.2 | F10: 1.5 | G10: 8.8 | H10: 3.1 | I10: BFKM | J10: CCF | K10: 9.4×
A11: D5_race | B11: 4.9 | C11: 9.2 | D11: 4.6 | E11: 68.5 | F11: 4.7 | G11: 107.6 | H11: 8.9 | I11: BFKM | J11: PP-Gini | K11: 23.4×
A12: D5_comb | B12: 4.8 | C12: 6.3 | D12: 4.6 | E12: 100.2 | F12: 4.8 | G12: 4.8 | H12: 9.4 | I12: BFKM | J12: CCF | K12: 21.8×
A13: D6 | B13: 243.5 | C13: 798.6 | D13: 317.2 | E13: 6062.6 | F13: 172.7 | G13: 175.1 | H13: 346.3 | I13: PP-NFP | J13: CCF | K13: 35.1×
... A19: D8_comb | B19: 12.6 | C19: 22 | D19: 12.3 | E19: 728.7 | F19: 12.4 | G19: 36.4 | H19: 22.7 | I19: BFKM | J19: CCF | K19: 59.2×
A20: Average | B20: 38.1 | C20: 141.3 | D20: 50.3 | E20: 1139.1 | F20: 34.8 | G20: 186.4 | H20: 70.5

Sheet S2 Runtime
A1: Dataset | B1: K-Means | C1: Fairlet | D1: BFKM | E1: CCF | F1: PP-NFP | G1: PP-Gini | H1: Rawlsian | I1: Fastest | J1: Slowest | K1: Ratio
A2: D1 | B2: 14.4 | C2: 67 | D2: 12.9 | E2: 580.5 | F2: 13.8 | G2: 149.3 | H2: 21.1 | I2: BFKM | J2: CCF | K2: 45.0×
A3: D2 | B3: 2.2 | C3: 5.2 | D3: 2.1 | E3: 22.4 | F3: 2 | G3: 23.1 | H3: 3.8 | I3: PP-NFP | J3: PP-Gini | K3: 11.6×
A4: D3 | B4: 0.1 | C4: 0.2 | D4: 0 | E4: 0.5 | F4: 0.1 | G4: 0.5 | H4: 0.2 | I4: BFKM | J4: CCF | K4: inf×
A5: D4 | B5: 17.9 | C5: 77.7 | D5: 16.3 | E5: 232.2 | F5: 15.4 | G5: 153.2 | H5: 31.2 | I5: PP-NFP | J5: CCF | K5: 15.1×
A6: D5 | B6: 4.9 | C6: 27.7 | D6: 4.9 | E6: 107.2 | F6: 4.7 | G6: 88.7 | H6: 9.1 | I6: PP-NFP | J6: CCF | K6: 22.8×
A7: D1_race | B7: 13.2 | C7: 39 | D7: 12.8 | E7: 508.6 | F7: 13 | G7: 176.2 | H7: 24.1 | I7: BFKM | J7: CCF | K7: 39.7×
A8: D1_comb | B8: 13.6 | C8: 19.9 | D8: 12.3 | E8: 677 | F8: 13.1 | G8: 56.8 | H8: 25.3 | I8: BFKM | J8: CCF | K8: 55.0×
A9: D2_race | B9: 1.4 | C9: 5.2 | D9: 1.5 | E9: 12.9 | F9: 1.6 | G9: 13.7 | H9: 3.2 | I9: K-Means | J9: PP-Gini | K9: 9.8×
A10: D2_comb | B10: 1.5 | C10: 2.3 | D10: 1.4 | E10: 13.5 | F10: 1.5 | G10: 8.8 | H10: 3.1 | I10: BFKM | J10: CCF | K10: 9.6×
A11: D5_race | B11: 5.2 | C11: 10.4 | D11: 4.6 | E11: 72.7 | F11: 5.1 | G11: 112.1 | H11: 9.7 | I11: BFKM | J11: PP-Gini | K11: 24.4×
A12: D5_comb | B12: 5.1 | C12: 7 | D12: 4.7 | E12: 110.6 | F12: 4.9 | G12: 5 | H12: 10 | I12: BFKM | J12: CCF | K12: 23.5×
A13: D6 | B13: 243 | C13: 824.8 | D13: 317.8 | E13: 2923.9 | F13: 237.9 | G13: 236.4 | H13: 254.8 | I13: PP-Gini | J13: CCF | K13: =ROUND(E13/G13,1)&"x" -> 12.4x
A14: D6_race | B14: 211.5 | C14: 792.6 | D14: 259.6 | E14: 2076.1 | F14: 236.6 | G14: 1861.9 | H14: 192 | I14: Rawlsian | J14: CCF | K14: =ROUND(E14/H14,1)&"x" -> 10.8x
A15: D6_comb | B15: 194 | C15: 591.8 | D15: 233.4 | E15: 1989.8 | F15: 165.6 | G15: 166.2 | H15: 169.2 | I15: PP-NFP | J15: CCF | K15: =ROUND(E15/F15,1)&"x" -> 12x
A16: D7 | B16: 33.2 | C16: 247.7 | D16: 33.1 | E16: 1425.6 | F16: 31 | G16: 391.4 | H16: 29 | I16: Rawlsian | J16: CCF | K16: =ROUND(E16/H16,1)&"x" -> 49.2x
A17: D8 | B17: 14.5 | C17: 84.3 | D17: 14.1 | E17: 355.6 | F17: 12.7 | G17: 62.5 | H17: 11.7 | I17: Rawlsian | J17: CCF | K17: =ROUND(E17/H17,1)&"x" -> 30.4x
A18: D8_race | B18: 14.5 | C18: 65.7 | D18: 13.6 | E18: 352.8 | F18: 13 | G18: 140.6 | H18: 11.5 | I18: Rawlsian | J18: CCF | K18: =ROUND(E18/H18,1)&"x" -> 30.7x
A19: D8_comb | B19: 14.5 | C19: 25.5 | D19: 13.5 | E19: 366.1 | F19: 12.2 | G19: 36.5 | H19: 11.4 | I19: Rawlsian | J19: CCF | K19: =ROUND(E19/H19,1)&"x" -> 32.1x
A20: Average | B20: =ROUND(AVERAGE(B2:B19),1) -> 44.7 | C20: =ROUND(AVERAGE(C2:C19),1) -> 160.8 | D20: =ROUND(AVERAGE(D2:D19),1) -> 53.3 | E20: =ROUND(AVERAGE(E2:E19),1) -> 657.1 | F20: =ROUND(AVERAGE(F2:F19),1) -> 43.6 | G20: =ROUND(AVERAGE(G2:G19),1) -> 204.6 | H20: =ROUND(AVERAGE(H2:H19),1) -> 45.6

Sheet Average S1+S2
A1: Dataset | B1: K-Means | C1: Fairlet | D1: BFKM | E1: CCF | F1: PP-NFP | G1: PP-Gini | H1: Rawlsian | I1: Fastest | J1: Slowest | K1: Ratio
A2: D1 | B2: 13.8 | C2: 65.6 | D2: 13.2 | E2: 581.7 | F2: 12.9 | G2: 146.3 | H2: 21.7 | I2: PP-NFP | J2: CCF | K2: 45.1×
A3: D2 | B3: 2.1 | C3: 5 | D3: 2 | E3: 22.8 | F3: 2 | G3: 23.5 | H3: 3.9 | I3: PP-NFP | J3: PP-Gini | K3: 12.1×
A4: D3 | B4: 0.1 | C4: 0.2 | D4: 0 | E4: 0.5 | F4: 0.1 | G4: 0.5 | H4: 0.2 | I4: BFKM | J4: CCF | K4: inf×
A5: D4 | B5: 17.4 | C5: 74.2 | D5: 16 | E5: 237.7 | F5: 15.5 | G5: 146 | H5: 31.3 | I5: PP-NFP | J5: CCF | K5: 15.3×
A6: D5 | B6: 4.8 | C6: 26.4 | D6: 4.7 | E6: 108.2 | F6: 4.6 | G6: 89.5 | H6: 9.2 | I6: PP-NFP | J6: CCF | K6: 23.3×
A7: D1_race | B7: 12.6 | C7: 37.5 | D7: 12.4 | E7: 512.4 | F7: 13.2 | G7: 178.4 | H7: 24.8 | I7: BFKM | J7: CCF | K7: 41.2×
A8: D1_comb | B8: 13.2 | C8: 19.6 | D8: 12.6 | E8: 668.8 | F8: 12.8 | G8: 55.4 | H8: 23.8 | I8: BFKM | J8: CCF | K8: 52.9×
A9: D2_race | B9: 1.4 | C9: 5 | D9: 1.4 | E9: 12.8 | F9: 1.5 | G9: 13.4 | H9: 3.1 | I9: K-Means | J9: PP-Gini | K9: 9.6×
A10: D2_comb | B10: 1.4 | C10: 2.2 | D10: 1.4 | E10: 12.8 | F10: 1.5 | G10: 8.8 | H10: 3.1 | I10: BFKM | J10: CCF | K10: 9.5×
A11: D5_race | B11: 5.1 | C11: 9.8 | D11: 4.6 | E11: 70.6 | F11: 4.9 | G11: 109.8 | H11: 9.3 | I11: BFKM | J11: PP-Gini | K11: 23.9×
A12: D5_comb | B12: 4.9 | C12: 6.6 | D12: 4.6 | E12: 105.4 | F12: 4.8 | G12: 4.9 | H12: 9.7 | I12: BFKM | J12: CCF | K12: 22.7×
A13: D6 | B13: =ROUND(AVERAGE('S1 Runtime'!B13,'S2 Runtime'!B13),1) -> 243.3 | C13: =ROUND(AVERAGE('S1 Runtime'!C13,'S2 Runtime'!C13),1) -> 811.7 | D13: =ROUND(AVERAGE('S1 Runtime'!D13,'S2 Runtime'!D13),1) -> 317.5 | E13: =ROUND(AVERAGE('S1 Runtime'!E13,'S2 Runtime'!E13),1) -> 4493.3 | F13: =ROUND(AVERAGE('S1 Runtime'!F13,'S2 Runtime'!F13),1) -> 205.3 | G13: =ROUND(AVERAGE('S1 Runtime'!G13,'S2 Runtime'!G13),1) -> 205.8 | H13: =ROUND(AVERAGE('S1 Runtime'!H13,'S2 Runtime'!H13),1) -> 300.6 | I13: PP-NFP | J13: CCF | K13: =ROUND(E13/F13,1)&"x" -> 21.9x
A14: D6_race | B14: =ROUND(AVERAGE('S1 Runtime'!B14,'S2 Runtime'!B14),1) -> 184.5 | C14: =ROUND(AVERAGE('S1 Runtime'!C14,'S2 Runtime'!C14),1) -> 708.6 | D14: =ROUND(AVERAGE('S1 Runtime'!D14,'S2 Runtime'!D14),1) -> 239.4 | E14: =ROUND(AVERAGE('S1 Runtime'!E14,'S2 Runtime'!E14),1) -> 2664.5 | F14: =ROUND(AVERAGE('S1 Runtime'!F14,'S2 Runtime'!F14),1) -> 194 | G14: =ROUND(AVERAGE('S1 Runtime'!G14,'S2 Runtime'!G14),1) -> 1742.1 | H14: =ROUND(AVERAGE('S1 Runtime'!H14,'S2 Runtime'!H14),1) -> 241.3 | I14: K-Means | J14: CCF | K14: =ROUND(E14/B14,1)&"x" -> 14.4x
A15: D6_comb | B15: =ROUND(AVERAGE('S1 Runtime'!B15,'S2 Runtime'!B15),1) -> 167.7 | C15: =ROUND(AVERAGE('S1 Runtime'!C15,'S2 Runtime'!C15),1) -> 542.4 | D15: =ROUND(AVERAGE('S1 Runtime'!D15,'S2 Runtime'!D15),1) -> 231.1 | E15: =ROUND(AVERAGE('S1 Runtime'!E15,'S2 Runtime'!E15),1) -> 2957.8 | F15: =ROUND(AVERAGE('S1 Runtime'!F15,'S2 Runtime'!F15),1) -> 163.9 | G15: =ROUND(AVERAGE('S1 Runtime'!G15,'S2 Runtime'!G15),1) -> 165 | H15: =ROUND(AVERAGE('S1 Runtime'!H15,'S2 Runtime'!H15),1) -> 267.4 | I15: PP-NFP | J15: CCF | K15: =ROUND(E15/F15,1)&"x" -> 18x
A16: D7 | B16: =ROUND(AVERAGE('S1 Runtime'!B16,'S2 Runtime'!B16),1) -> 32.2 | C16: =ROUND(AVERAGE('S1 Runtime'!C16,'S2 Runtime'!C16),1) -> 240.6 | D16: =ROUND(AVERAGE('S1 Runtime'!D16,'S2 Runtime'!D16),1) -> 32 | E16: =ROUND(AVERAGE('S1 Runtime'!E16,'S2 Runtime'!E16),1) -> 2127.5 | F16: =ROUND(AVERAGE('S1 Runtime'!F16,'S2 Runtime'!F16),1) -> 30.9 | G16: =ROUND(AVERAGE('S1 Runtime'!G16,'S2 Runtime'!G16),1) -> 389.6 | H16: =ROUND(AVERAGE('S1 Runtime'!H16,'S2 Runtime'!H16),1) -> 43.4 | I16: PP-NFP | J16: CCF | K16: =ROUND(E16/F16,1)&"x" -> 68.9x
A17: D8 | B17: =ROUND(AVERAGE('S1 Runtime'!B17,'S2 Runtime'!B17),1) -> 13.7 | C17: =ROUND(AVERAGE('S1 Runtime'!C17,'S2 Runtime'!C17),1) -> 78.6 | D17: =ROUND(AVERAGE('S1 Runtime'!D17,'S2 Runtime'!D17),1) -> 13 | E17: =ROUND(AVERAGE('S1 Runtime'!E17,'S2 Runtime'!E17),1) -> 523.5 | F17: =ROUND(AVERAGE('S1 Runtime'!F17,'S2 Runtime'!F17),1) -> 12.6 | G17: =ROUND(AVERAGE('S1 Runtime'!G17,'S2 Runtime'!G17),1) -> 62.6 | H17: =ROUND(AVERAGE('S1 Runtime'!H17,'S2 Runtime'!H17),1) -> 18 | I17: PP-NFP | J17: CCF | K17: =ROUND(E17/F17,1)&"x" -> 41.5x
A18: D8_race | B18: =ROUND(AVERAGE('S1 Runtime'!B18,'S2 Runtime'!B18),1) -> 13.8 | C18: =ROUND(AVERAGE('S1 Runtime'!C18,'S2 Runtime'!C18),1) -> 61.2 | D18: =ROUND(AVERAGE('S1 Runtime'!D18,'S2 Runtime'!D18),1) -> 12.9 | E18: =ROUND(AVERAGE('S1 Runtime'!E18,'S2 Runtime'!E18),1) -> 518.5 | F18: =ROUND(AVERAGE('S1 Runtime'!F18,'S2 Runtime'!F18),1) -> 12.9 | G18: =ROUND(AVERAGE('S1 Runtime'!G18,'S2 Runtime'!G18),1) -> 140.7 | H18: =ROUND(AVERAGE('S1 Runtime'!H18,'S2 Runtime'!H18),1) -> 16.8 | I18: BFKM | J18: CCF | K18: =ROUND(E18/D18,1)&"x" -> 40.2x
A19: D8_comb | B19: =ROUND(AVERAGE('S1 Runtime'!B19,'S2 Runtime'!B19),1) -> 13.6 | C19: =ROUND(AVERAGE('S1 Runtime'!C19,'S2 Runtime'!C19),1) -> 23.8 | D19: =ROUND(AVERAGE('S1 Runtime'!D19,'S2 Runtime'!D19),1) -> 12.9 | E19: =ROUND(AVERAGE('S1 Runtime'!E19,'S2 Runtime'!E19),1) -> 547.4 | F19: =ROUND(AVERAGE('S1 Runtime'!F19,'S2 Runtime'!F19),1) -> 12.3 | G19: =ROUND(AVERAGE('S1 Runtime'!G19,'S2 Runtime'!G19),1) -> 36.5 | H19: =ROUND(AVERAGE('S1 Runtime'!H19,'S2 Runtime'!H19),1) -> 17.1 | I19: PP-NFP | J19: CCF | K19: =ROUND(E19/F19,1)&"x" -> 44.5x
A20: Average | B20: =ROUND(AVERAGE(B2:B19),1) -> 41.4 | C20: =ROUND(AVERAGE(C2:C19),1) -> 151.1 | D20: =ROUND(AVERAGE(D2:D19),1) -> 51.8 | E20: =ROUND(AVERAGE(E2:E19),1) -> 898.1 | F20: =ROUND(AVERAGE(F2:F19),1) -> 39.2 | G20: =ROUND(AVERAGE(G2:G19),1) -> 195.5 | H20: =ROUND(AVERAGE(H2:H19),1) -> 58
